[
{
  "model": "symposion_sponsorship.sponsorlevel",
  "pk": 1,
  "fields": {
    "conference": 2,
    "name": "Gold",
    "order": 5,
    "cost": 1000,
    "description": "",
    "available": true
  }
},
{
  "model": "symposion_sponsorship.sponsorlevel",
  "pk": 2,
  "fields": {
    "conference": 2,
    "name": "Silver",
    "order": 6,
    "cost": 500,
    "description": "",
    "available": true
  }
},
{
  "model": "symposion_sponsorship.sponsorlevel",
  "pk": 3,
  "fields": {
    "conference": 2,
    "name": "Platinum",
    "order": 4,
    "cost": 2000,
    "description": "",
    "available": true
  }
},
{
  "model": "symposion_sponsorship.sponsorlevel",
  "pk": 4,
  "fields": {
    "conference": 2,
    "name": "Individual",
    "order": 100,
    "cost": 50,
    "description": "",
    "available": false
  }
},
{
  "model": "symposion_sponsorship.sponsorlevel",
  "pk": 5,
  "fields": {
    "conference": 2,
    "name": "Premier",
    "order": 0,
    "cost": 5000,
    "description": "",
    "available": true
  }
},
{
  "model": "symposion_sponsorship.sponsorlevel",
  "pk": 6,
  "fields": {
    "conference": 2,
    "name": "Young Coders",
    "order": 1,
    "cost": 3000,
    "description": "",
    "available": true
  }
},
{
  "model": "symposion_sponsorship.sponsorlevel",
  "pk": 7,
  "fields": {
    "conference": 2,
    "name": "T-Shirt",
    "order": 2,
    "cost": 3000,
    "description": "",
    "available": true
  }
},
{
  "model": "symposion_sponsorship.sponsorlevel",
  "pk": 8,
  "fields": {
    "conference": 2,
    "name": "Swag Bag",
    "order": 3,
    "cost": 3000,
    "description": "",
    "available": true
  }
},
{
  "model": "symposion_sponsorship.sponsorlevel",
  "pk": 9,
  "fields": {
    "conference": 2,
    "name": "Non-Profit",
    "order": 8,
    "cost": 0,
    "description": "",
    "available": true
  }
},
{
  "model": "symposion_sponsorship.sponsorlevel",
  "pk": 10,
  "fields": {
    "conference": 2,
    "name": "Conference Friends",
    "order": 9,
    "cost": 0,
    "description": "",
    "available": true
  }
},
{
  "model": "symposion_sponsorship.sponsorlevel",
  "pk": 12,
  "fields": {
    "conference": 2,
    "name": "Conference Grant",
    "order": 7,
    "cost": 5000,
    "description": "",
    "available": false
  }
},
{
  "model": "symposion_sponsorship.sponsorlevel",
  "pk": 13,
  "fields": {
    "conference": 2,
    "name": "Lanyards",
    "order": 3,
    "cost": 3000,
    "description": "",
    "available": true
  }
},
{
  "model": "symposion_sponsorship.sponsor",
  "pk": 1,
  "fields": {
    "applicant": 1,
    "name": "OSU Open Source Club",
    "display_url": "",
    "external_url": "https://opensource.osu.edu",
    "annotation": "",
    "contact_name": "Exmaple",
    "contact_email": "example@example.com",
    "level": 9,
    "added": "2019-03-10T04:31:43Z",
    "active": true,
    "sponsor_logo": 44,
    "web_logo_benefit": null,
    "print_logo_benefit": null,
    "print_description_benefit": null,
    "company_description_benefit": null
  }
},
{
  "model": "symposion_sponsorship.sponsor",
  "pk": 55,
  "fields": {
    "applicant": 1,
    "name": "The Python Software Foundation",
    "display_url": "",
    "external_url": "https://www.python.org/psf/",
    "annotation": "",
    "contact_name": "Dave",
    "contact_email": "dforgac@pyohio.org",
    "level": 12,
    "added": "2018-07-17T06:58:00Z",
    "active": false,
    "sponsor_logo": 117,
    "web_logo_benefit": null,
    "print_logo_benefit": null,
    "print_description_benefit": null,
    "company_description_benefit": null
  }
},
{
  "model": "symposion_sponsorship.benefit",
  "pk": 2,
  "fields": {
    "name": "Web Logo",
    "description": "Logo to appear on the website",
    "type": "weblogo",
    "content_type": "simple"
  }
},
{
  "model": "symposion_sponsorship.benefit",
  "pk": 3,
  "fields": {
    "name": "Print Logo",
    "description": "Logo to appear in print",
    "type": "file",
    "content_type": "simple"
  }
},
{
  "model": "symposion_sponsorship.benefit",
  "pk": 4,
  "fields": {
    "name": "Sponsor Description",
    "description": "Description to appear on website and in print",
    "type": "text",
    "content_type": "simple"
  }
},
{
  "model": "symposion_sponsorship.benefit",
  "pk": 5,
  "fields": {
    "name": "Twitter",
    "description": "Twitter handle to mention when PyOhio posts to thank sponsors.",
    "type": "simple",
    "content_type": "simple"
  }
},
{
  "model": "symposion_sponsorship.benefitlevel",
  "pk": 1,
  "fields": {
    "benefit": 2,
    "level": 1,
    "max_words": null,
    "other_limits": ""
  }
},
{
  "model": "symposion_sponsorship.benefitlevel",
  "pk": 2,
  "fields": {
    "benefit": 2,
    "level": 2,
    "max_words": null,
    "other_limits": ""
  }
},
{
  "model": "symposion_sponsorship.benefitlevel",
  "pk": 3,
  "fields": {
    "benefit": 2,
    "level": 3,
    "max_words": null,
    "other_limits": ""
  }
},
{
  "model": "symposion_sponsorship.benefitlevel",
  "pk": 5,
  "fields": {
    "benefit": 3,
    "level": 1,
    "max_words": null,
    "other_limits": ""
  }
},
{
  "model": "symposion_sponsorship.benefitlevel",
  "pk": 6,
  "fields": {
    "benefit": 3,
    "level": 2,
    "max_words": null,
    "other_limits": ""
  }
},
{
  "model": "symposion_sponsorship.benefitlevel",
  "pk": 7,
  "fields": {
    "benefit": 3,
    "level": 3,
    "max_words": null,
    "other_limits": ""
  }
},
{
  "model": "symposion_sponsorship.benefitlevel",
  "pk": 9,
  "fields": {
    "benefit": 4,
    "level": 1,
    "max_words": 200,
    "other_limits": ""
  }
},
{
  "model": "symposion_sponsorship.benefitlevel",
  "pk": 10,
  "fields": {
    "benefit": 4,
    "level": 2,
    "max_words": 100,
    "other_limits": ""
  }
},
{
  "model": "symposion_sponsorship.benefitlevel",
  "pk": 11,
  "fields": {
    "benefit": 4,
    "level": 3,
    "max_words": 300,
    "other_limits": ""
  }
},
{
  "model": "symposion_sponsorship.benefitlevel",
  "pk": 13,
  "fields": {
    "benefit": 2,
    "level": 5,
    "max_words": null,
    "other_limits": ""
  }
},
{
  "model": "symposion_sponsorship.benefitlevel",
  "pk": 14,
  "fields": {
    "benefit": 3,
    "level": 5,
    "max_words": null,
    "other_limits": ""
  }
},
{
  "model": "symposion_sponsorship.benefitlevel",
  "pk": 15,
  "fields": {
    "benefit": 4,
    "level": 5,
    "max_words": 100,
    "other_limits": ""
  }
},
{
  "model": "symposion_sponsorship.benefitlevel",
  "pk": 16,
  "fields": {
    "benefit": 2,
    "level": 6,
    "max_words": null,
    "other_limits": ""
  }
},
{
  "model": "symposion_sponsorship.benefitlevel",
  "pk": 17,
  "fields": {
    "benefit": 3,
    "level": 6,
    "max_words": null,
    "other_limits": ""
  }
},
{
  "model": "symposion_sponsorship.benefitlevel",
  "pk": 18,
  "fields": {
    "benefit": 4,
    "level": 6,
    "max_words": 100,
    "other_limits": ""
  }
},
{
  "model": "symposion_sponsorship.benefitlevel",
  "pk": 19,
  "fields": {
    "benefit": 2,
    "level": 7,
    "max_words": null,
    "other_limits": ""
  }
},
{
  "model": "symposion_sponsorship.benefitlevel",
  "pk": 20,
  "fields": {
    "benefit": 3,
    "level": 7,
    "max_words": null,
    "other_limits": ""
  }
},
{
  "model": "symposion_sponsorship.benefitlevel",
  "pk": 21,
  "fields": {
    "benefit": 4,
    "level": 7,
    "max_words": 100,
    "other_limits": ""
  }
},
{
  "model": "symposion_sponsorship.benefitlevel",
  "pk": 22,
  "fields": {
    "benefit": 2,
    "level": 8,
    "max_words": null,
    "other_limits": ""
  }
},
{
  "model": "symposion_sponsorship.benefitlevel",
  "pk": 23,
  "fields": {
    "benefit": 3,
    "level": 8,
    "max_words": null,
    "other_limits": ""
  }
},
{
  "model": "symposion_sponsorship.benefitlevel",
  "pk": 24,
  "fields": {
    "benefit": 4,
    "level": 8,
    "max_words": 100,
    "other_limits": ""
  }
},
{
  "model": "symposion_sponsorship.benefitlevel",
  "pk": 25,
  "fields": {
    "benefit": 2,
    "level": 9,
    "max_words": null,
    "other_limits": ""
  }
},
{
  "model": "symposion_sponsorship.benefitlevel",
  "pk": 26,
  "fields": {
    "benefit": 3,
    "level": 9,
    "max_words": null,
    "other_limits": ""
  }
},
{
  "model": "symposion_sponsorship.benefitlevel",
  "pk": 27,
  "fields": {
    "benefit": 4,
    "level": 9,
    "max_words": 100,
    "other_limits": ""
  }
},
{
  "model": "symposion_sponsorship.benefitlevel",
  "pk": 28,
  "fields": {
    "benefit": 5,
    "level": 5,
    "max_words": 1,
    "other_limits": ""
  }
},
{
  "model": "symposion_sponsorship.benefitlevel",
  "pk": 29,
  "fields": {
    "benefit": 5,
    "level": 3,
    "max_words": 1,
    "other_limits": ""
  }
},
{
  "model": "symposion_sponsorship.benefitlevel",
  "pk": 30,
  "fields": {
    "benefit": 5,
    "level": 1,
    "max_words": 1,
    "other_limits": ""
  }
},
{
  "model": "symposion_sponsorship.benefitlevel",
  "pk": 31,
  "fields": {
    "benefit": 5,
    "level": 6,
    "max_words": 1,
    "other_limits": ""
  }
},
{
  "model": "symposion_sponsorship.benefitlevel",
  "pk": 32,
  "fields": {
    "benefit": 5,
    "level": 7,
    "max_words": 1,
    "other_limits": ""
  }
},
{
  "model": "symposion_sponsorship.benefitlevel",
  "pk": 33,
  "fields": {
    "benefit": 5,
    "level": 8,
    "max_words": 1,
    "other_limits": ""
  }
},
{
  "model": "symposion_sponsorship.benefitlevel",
  "pk": 34,
  "fields": {
    "benefit": 2,
    "level": 10,
    "max_words": null,
    "other_limits": ""
  }
},
{
  "model": "symposion_sponsorship.benefitlevel",
  "pk": 35,
  "fields": {
    "benefit": 3,
    "level": 10,
    "max_words": null,
    "other_limits": ""
  }
},
{
  "model": "symposion_sponsorship.benefitlevel",
  "pk": 36,
  "fields": {
    "benefit": 5,
    "level": 10,
    "max_words": null,
    "other_limits": ""
  }
},
{
  "model": "symposion_sponsorship.benefitlevel",
  "pk": 37,
  "fields": {
    "benefit": 4,
    "level": 10,
    "max_words": 100,
    "other_limits": ""
  }
},
{
  "model": "symposion_sponsorship.benefitlevel",
  "pk": 42,
  "fields": {
    "benefit": 2,
    "level": 12,
    "max_words": null,
    "other_limits": ""
  }
},
{
  "model": "symposion_sponsorship.benefitlevel",
  "pk": 43,
  "fields": {
    "benefit": 4,
    "level": 12,
    "max_words": null,
    "other_limits": ""
  }
},
{
  "model": "symposion_sponsorship.benefitlevel",
  "pk": 44,
  "fields": {
    "benefit": 3,
    "level": 12,
    "max_words": null,
    "other_limits": ""
  }
},
{
  "model": "symposion_sponsorship.sponsorbenefit",
  "pk": 42,
  "fields": {
    "sponsor": 36,
    "benefit": 4,
    "active": true,
    "max_words": 100,
    "other_limits": "",
    "text": "The Open Source Club is on the forefront of technology and code, pushing the boundaries of tech that respect the users\u2019 individual freedoms.",
    "upload": "",
    "is_complete": true
  }
},
{
  "model": "symposion_sponsorship.sponsorbenefit",
  "pk": 115,
  "fields": {
    "sponsor": 55,
    "benefit": 4,
    "active": true,
    "max_words": null,
    "other_limits": "",
    "text": "The mission of the Python Software Foundation is to promote, protect, and advance the Python programming language, and to support and facilitate the growth of a diverse and international community of Python programmers. The majority of the PSF's work is focused on empowering and supporting people within the Python community. The PSF has active grant programs that support sprints, conferences, meet ups, user groups, and Python development efforts all over the world. In addition, the PSF underwrites and runs PyCon US, the primary Python community conference. Being part of the PSF means being part of the Python community. Recently we changed the PSF to an open membership organization, so that everyone who uses and supports Python can join. To learn more, visit https://www.python.org/psf/membership.",
    "upload": "",
    "is_complete": true
  }
}
]
